alias_name,canonical_name,note
Zachary Bolduc,Zack Bolduc,nickname
Alexei Protas,Aliaksei Protas,transliteration variant (real brother Ilya Protas is a distinct player - do not merge)
Matthew Boldy,Matt Boldy,nickname
John-Jason Peterka,JJ Peterka,nickname
Matthew Coronato,Matt Coronato,nickname
Matthew Beniers,Matty Beniers,nickname
Benjamin Kindel,Ben Kindel,nickname
Thomas Novak,Tommy Novak,nickname
Anthony DeAngelo,Tony DeAngelo,nickname
Alex Nikishin,Alexander Nikishin,nickname
Gabriel Perreault,Gabe Perreault,nickname
Matthew Savoie,Matt Savoie,nickname
Alex Wennberg,Alexander Wennberg,nickname
Alex Texier,Alexandre Texier,nickname
Cameron York,Cam York,nickname
Yegor Chinakhov,Egor Chinakhov,transliteration
Janis Moser,J.J. Moser,nickname
Alex Romanov,Alexander Romanov,nickname
Nicklaus Perbix,Nick Perbix,nickname
Joseph Veleno,Joe Veleno,nickname
Matthew Rempe,Matt Rempe,nickname
Max Shabanov,Maxim Shabanov,nickname
Emil Lilleberg,Emil Martinsen Lilleberg,shortened name
Alexander Kerfoot,Alex Kerfoot,nickname
Henry Brzustewicz,Hunter Brzustewicz,goes-by nickname
Dmitriy Simashev,Dmitri Simashev,transliteration
Danil But,Daniil But,transliteration
Will Borgen,William Borgen,nickname
Max Crozier,Maxwell Crozier,nickname
Mikey Eyssimont,Michael Eyssimont,nickname
Vincent Hinostroza,Vinnie Hinostroza,nickname
Alexey Toropchenko,Alexei Toropchenko,transliteration
Bo Groulx,Benoit-Olivier Groulx,nickname
Alex Holtz,Alexander Holtz,nickname
Evgeny Dadonov,Evgenii Dadonov,transliteration
Alex Petrovic,Alexander Petrovic,nickname
Charles Legault,Charles-Alexis Legault,shortened name
Zachary Metsa,Zach Metsa,nickname
Matt Kessel,Matthew Kessel,nickname
Mathew Dumba,Matt Dumba,nickname
Samuel Blais,Sammy Blais,nickname
Phillip Tomasino,Philip Tomasino,spelling variant
Arsh Bains,Arshdeep Bains,nickname
Erik Gustafsson (D),Erik Gustafsson,evolving_hockey position-tag artifact same player
Ryan Johnson (D),Ryan Johnson,evolving_hockey position-tag artifact same player
Zach Bolduc,Zack Bolduc,spelling variant merge with nhl_com
Benjamin Jones,Ben Jones,nickname
Jon Marchessault,Jonathan Marchessault,nickname
Christopher Tanev,Chris Tanev,nickname
Michael Matheson,Mike Matheson,nickname
Alexander Ovechkin,Alex Ovechkin,nickname
Zachary Benson,Zach Benson,nickname
Joshua Norris,Josh Norris,nickname
Mitchell Marner,Mitch Marner,nickname
Matthew Samoskevich,Mackie Samoskevich,likely data-entry error same player (Mackenzie Samoskevich)
Cam Crotty,Cameron Crotty,nickname
P.O Joseph,Pierre-Olivier Joseph,nickname (verified via matching D/team stats)
Jake Middleton,Jacob Middleton,nickname (verified via matching D/team stats)
Alex Carrier,Alexandre Carrier,nickname (verified via matching D/team stats)
Michael Anderson,Mikey Anderson,nickname (dailyfaceoff duplicate row - identical stats confirm same player)
Daniel Vladar,Dan Vladar,nickname
